license_number,business_name,profession,status,expiration_date,original_issue_date,street,street2,city,state,zip,county,discipline_on_file,public_complaint,data_as_of,last_checked,notes
MM43327,A1 Massage by Betty,Massage Establishment,Clear,2027-08-31,2022-10-27,6190 WEST SAMPLE RD,STE 110,Coral Springs,FL,33067,Broward,False,False,2026-09-12,2026-09-12,Phone: (954) 709-0182 | Licensed under 'A1 MASSAGE BY BETTY' | Phase-2 draft (row 88) confirmed by human portal detail page: A1 MASSAGE BY BETTY (no DBA). | Human portal verification 2026-09-12 (MQA detail pages pasted by contributor).
MM31179,Jing Massage,Massage Establishment,Clear,2027-08-31,2013-08-01,9881 SAMPLE ROAD,,Coral Springs,FL,33065,Broward,True,True,2026-09-12,2026-09-12,Phone: (954) 227-2522 | Licensed under 'JING MASSAGE INC' DBA 'JING MASSAGE' | Phase-2 draft (row 86) confirmed by human portal detail page: JING MASSAGE INC DBA 'JING MASSAGE'. DISCIPLINE ON FILE and PUBLIC COMPLAINT flags both Yes on portal. Discipline case 201314122 (2013): AC Filed; Fine Paid. Predecessor same-name licenses MM28836 (Greenacres) / MM30654 (Coral Springs) are Null And Void. | Human portal verification 2026-09-12 (MQA detail pages pasted by contributor).
MM41327,Lucky Feet Reflexology,Massage Establishment,Clear,2027-08-31,2021-03-09,9766 W SAMPLE ROAD,,Coral Springs,FL,33065,Broward,False,False,2026-09-12,2026-09-12,Phone: (754) 229-8736 | Licensed under 'LUCKY SPA INC' DBA 'LUCKY FEET REFLEXOLOGY' | Phase-2 draft (row 87) confirmed by human portal detail page: LUCKY SPA INC DBA 'LUCKY FEET REFLEXOLOGY'. | Human portal verification 2026-09-12 (MQA detail pages pasted by contributor).
MM37501,Massage by Hilma,Massage Establishment,Clear,2027-08-31,2017-12-28,9900 West Sample Rd,Suite 18,Coral Springs,FL,33065,Broward,False,False,2026-09-12,2026-09-12,Phone: (954) 822-2778 | Licensed under 'Hilma Powell' DBA 'Massage by Hilma' | Phase-2 draft (row 90) confirmed by human portal detail page: Hilma Powell DBA 'Massage by Hilma' (individual license holder). | Human portal verification 2026-09-12 (MQA detail pages pasted by contributor).
MM43227,Sunflower Spa,Massage Establishment,Clear,2027-08-31,2022-09-23,10880 WILES RD,,Coral Springs,FL,33076,Broward,False,False,2026-09-12,2026-09-12,"Phone: (954) 688-9766 | Licensed under 'SUNFLOWER SPA MASSAGE INC' DBA 'Sunflower Spa'; directory lists 'Sunflower Spa (Coral Springs)' | Phase-2 draft (row 85) confirmed by human portal detail page: SUNFLOWER SPA MASSAGE INC DBA 'Sunflower Spa'. Separate from MM42444 (Happiness 520 LLC, Boynton Beach) which also DBAs 'Sunflower Spa'. | Human portal verification 2026-09-12 (MQA detail pages pasted by contributor)."
MM45806,A Dania Massage Spa INC,Massage Establishment,Clear,2027-08-31,2024-10-21,265 S FEDERAL HWY,UNIT H,Dania Beach,FL,33004,Broward,False,False,2026-09-11,2026-09-11,Phone: (754) 295-1360 | Address matches exactly (265 S Federal Hwy Unit H).
MM41565,HEALTH SPA FLORIDA LLC,Massage Establishment,Clear,2027-08-31,2021-05-28,3300 NE 33 STREET,,Fort Lauderdale,FL,33308,Broward,False,False,2026-09-09,2026-09-09,Portal record: https://mqa-internet.doh.state.fl.us/MQASearchServices/HealthcareProviders/LicenseVerificationPractitionerPrintFriendly?LicInd=45035&Procde=1402&HasArnpAprnRelationship=False
MM43835,Green Massage of Plantation,Massage Establishment,Clear,2027-08-31,2023-03-31,331 N. University Drive,Suite M2300,Plantation,FL,33324,Broward,False,False,2026-09-09,2026-09-09,Portal record: https://mqa-internet.doh.state.fl.us/MQASearchServices/HealthcareProviders/LicenseVerificationPractitionerPrintFriendly?LicInd=49425&Procde=1402&HasArnpAprnRelationship=False
MM33042,South East Massage,Massage Establishment,Clear,2027-08-31,2014-11-05,8170 N. UNIVERSITY DRIVE,,Tamarac,FL,33321,Broward,False,False,2026-09-12,2026-09-12,"Phone: (754) 261-8119 | Licensed under 'SOUTH EAST MASSAGE INC.' | Phase-2 draft (row 91) confirmed by human portal detail page: SOUTH EAST MASSAGE INC. Directory labels the city Coral Springs; portal AOR says TAMARAC - storefront sits on the Coral Springs/Tamarac border, same street address 8170 N University Dr. | Human portal verification 2026-09-12 (MQA detail pages pasted by contributor)."
MM45906,Village SPA,Massage Establishment,Clear,2027-08-31,2024-12-04,3126 SW Martin Downs Blvd,,Palm City,FL,34990,Martin,False,False,2026-09-11,2026-09-11,"Phone: (772) 600-8512 | Currently licensed under Xiling Service LLC, DBA 'Village Spa'. Address matches exactly; predecessor entity at same address is Null And Void. | License history: Predecessor: MM44763 (Village Spa at Martin Downs Inc., Palm City) - Null And Void."
MM27263,Healing Palms Massage,Massage Establishment,Clear,2027-08-31,2011-07-07,422 SW AKRON AVE,SUITE 3,Stuart,FL,34994,Martin,False,False,2026-09-12,2026-09-12,Phone: (772) 225-3887 | Phase-2 draft (row 9) confirmed by human portal detail page: HEALING PALMS MASSAGE AND SPA. Same-name MM32573 (Ponte Vedra) is Null And Void. | Human portal verification 2026-09-12 (MQA detail pages pasted by contributor).
MM26892,Touch of Life Spa,Massage Establishment,Clear,2027-08-31,2011-05-06,615 SW CAMDEN AVE,,Stuart,FL,34994,Martin,False,False,2026-09-12,2026-09-12,Phone: (772) 209-8813 | Licensed under 'TOUCH OF LIFE SPA LLC' | Phase-2 draft (row 10) confirmed by human portal detail page: TOUCH OF LIFE SPA LLC. | Human portal verification 2026-09-12 (MQA detail pages pasted by contributor).
MM47580,SERENE SALT ESCAPE LLC,Massage Establishment,Clear,2027-08-31,2026-05-14,11055 SW 186TH ST,SUITE 102,Cutler Bay,FL,11055,Miami-Dade,False,False,2026-09-11,2026-09-11,Phone: (786) 505-3607 | Address matches exactly (11055 SW 186th St Suite 102).
MM45183,Zen Spa 4U,Massage Establishment,Clear,2027-08-31,2024-04-04,7400 N Federal. HWY,Suite B7,Boca Raton,FL,33487,Palm Beach,False,False,2026-09-12,2026-09-12,"Phone: (561) 674-6715 | Licensed under 'Zen Spa 4U Inc' | Phase-2 draft (row 58) confirmed by human 'ZEN SPA' results table. Predecessor MM40862 (Zen Spa 4U Inc, Boca Raton) is Null And Void. | Human portal verification 2026-09-12 (MQA detail pages pasted by contributor)."
MM43362,Bao Foot Spa,Massage Establishment,Clear,2027-08-31,2022-11-03,1313 W. BOYNTON BEACH BLVD,UNIT 10,Boynton Beach,FL,33426,Palm Beach,False,False,2026-09-09,2026-09-09,"Phone: (561) 740-7744 | Active; same-brand predecessors void - confirm ownership continuity via Sunbiz. | License history: Same-brand predecessors: MM34057 BAO FOOT SPA 1 LLC (Boynton Beach) - Disc Relinquish; MM42324 Bao Foot Spa A LLC (Boynton Beach) - Null And Void (logged as appended rows). | Sweep status: License Clear, no discipline/complaints; same-brand predecessors void/relinquished."
MM41109,Halo Asian Spa,Massage Establishment,Clear,2027-08-31,2020-12-14,975 West Gateway Blvd,Suite 105,Boynton Beach,FL,33426,Palm Beach,False,False,2026-09-09,2026-09-09,"Phone: (561) 508-5453 | Active clear license; predecessor MM34578 voluntarily relinquished - confirm same ownership via Sunbiz before treating as fully clean. | License history: Predecessor: MM34578 HALO ASIAN SPA, INC (Boynton Beach) - Vol Relinquish (logged as appended row). | Sweep status: License Clear, no discipline/complaints; predecessor void license on file."
MM38023,Health Spa Ocean Ave,Massage Establishment,Clear,2027-08-31,2018-05-09,634 E Ocean Ave,,Boynton Beach,FL,33435,Palm Beach,False,False,2026-09-09,2026-09-09,"Phone: (561) 509-8576 | Clean license, no discipline/complaints, no predecessor void licenses found at this address. | Sweep status: License Clear, no discipline/complaints."
MM42444,Sunflower Spa,Massage Establishment,Clear,2027-08-31,2022-02-13,407 S Federal HWY,STE N,Boynton Beach,FL,33435,Palm Beach,False,False,2026-09-12,2026-09-12,"Phone: (561) 806-5589 | Licensed under 'Happiness 520 LLC' DBA 'SUNFLOWER SPA'; directory lists 'Sunflower Spa (Deerfield Beach directory)' | Phase-2 draft (row 75) confirmed by human 'Sunflower Spa' results table: Happiness 520 LLC DBA 'SUNFLOWER SPA'. Directory groups this 407 S Federal Hwy storefront under Deerfield Beach; portal AOR says BOYNTON BEACH - same street address, city label differs (address is at the Boynton/Delray line). | Human portal verification 2026-09-12 (MQA detail pages pasted by contributor)."
MM45534,ZHANG CORPORATION,Massage Establishment,Clear,2027-08-31,2024-06-27,10833 JOG RD,STE 184,Boynton Beach,FL,10833,Palm Beach,False,False,2026-09-09,2026-09-09,Portal record: https://mqa-internet.doh.state.fl.us/MQASearchServices/HealthcareProviders/LicenseVerificationPractitionerPrintFriendly?LicInd=53394&Procde=1402&HasArnpAprnRelationship=False
MM34388,Asian Spa Massage,Massage Establishment,Clear,2027-08-31,2015-11-02,258 SE 6TH AVE,#7,Delray Beach,FL,33483,Palm Beach,False,False,2026-09-10,2026-09-10,"Phone: (561) 525-2702 | Licensed under Amazing W LLC, DBA 'Asian Spa Massage'. Address matches exactly."
MM40470,Elements Massage - Delray Beach,Massage Establishment,Clear,2027-08-31,2020-03-13,4961- B W. Atlantic Avenue,,Delray Beach,FL,33445,Palm Beach,False,False,2026-09-10,2026-09-10,"Phone: (561) 493-3550 | Licensed under Allenic Enterprises, LLC., DBA 'Elements Massage Delray Beach'. Address matches."
MM37309,Healing Massage Spa,Massage Establishment,Clear,2027-08-31,2017-11-14,15200 S Jog Rd B14,,Delray Beach,FL,15200,Palm Beach,False,False,2026-09-11,2026-09-11,"Phone: (561) 359-3381 | Clean license MM37309 (Healing Massage Spa Inc). Address matches 15200 S Jog Rd B14 (DOH lists city as Delray Beach). No discipline, no complaints."
MM38184,Healthy Massage Spa,Massage Establishment,Clear,2027-08-31,2018-06-18,13800 JOG RD,#104,Delray Beach,FL,13800,Palm Beach,False,False,2026-09-11,2026-09-11,"Phone: (561) 270-3088 | Clean license MM38184 (Healthy massage SPA). Address matches 13800 Jog Rd #104 (DOH lists city as Delray Beach, directory groups it in the Greenacres / Lake Worth Rd corridor). No discipline, no complaints."
MM44138,Loosen Up Massage,Massage Establishment,Clear,2027-08-31,2023-06-28,258 SE 6th Ave.,Suite 14,Delray Beach,FL,33483,Palm Beach,False,False,2026-09-10,2026-09-10,"Phone: (561) 274-3630 | Current license MM44138 is Clear and address matches, but several predecessor/near-identical 'Loosen Up' licenses in the same city are void or relinquished. Verify continuity via Sunbiz before downgrading to Green. | License history: Predecessor: MM16274 (Loosen Up Massage, Delray Beach) - Vol Relinquish; MM35244 (Loosen Up LLC, Delray Beach) - Null And Void. Also MM18612, MM19324 (Loosen Up Massage, Boca Raton) - Null And Void."
MM44067,Lucky Angel Spa,Massage Establishment,Clear,2027-08-31,2023-06-06,3205 S. Federal Hwy.,,Delray Beach,FL,33483,Palm Beach,False,False,2026-09-10,2026-09-10,Phone: (561) 819-2711 | Address matches exactly.
MM47083,Ooh La La Spa,Massage Establishment,Clear,2027-08-31,2025-10-21,3185 S Federal Hwy,,Delray Beach,FL,33483,Palm Beach,False,False,2026-09-10,2026-09-10,Phone: (561) 501-5370 | Address matches exactly.
MM46558,Sunshine Spa,Massage Establishment,Clear,2027-08-31,2025-06-27,5180 W ATLANTIC AVE,STE 120,Delray Beach,FL,33484,Palm Beach,False,False,2026-09-09,2026-09-09,"Phone: (561) 431-1988 | Active; same-name Delray predecessor void - confirm ownership continuity via Sunbiz. | License history: Same-name predecessor: MM39448 SUNSHINE SPA LLC (Delray Beach) - Null And Void (logged as appended row). | Sweep status: License Clear, no discipline/complaints; same-name predecessor void in Delray Beach."
MM42000,Tammy Fender Holistic Spa,Massage Establishment,Clear,2027-08-31,2021-10-04,10 n ocean Blvd,,Delray Beach,FL,33483,Palm Beach,False,False,2026-09-10,2026-09-10,"Phone: (561) 278-8111 | Licensed under TF spa management llc, DBA 'Tammy Fender Holistic Spa'. Address matches."
MM45363,The Haven Luxe Spa,Massage Establishment,Clear,2027-08-31,2024-05-21,247 SE 6th Ave.,Suite #3,Delray Beach,FL,33483,Palm Beach,False,False,2026-09-10,2026-09-10,Phone: (561) 330-4084 | Licensed under Specialty Brands International LLC (The Haven Luxe Spa). Address matches exactly.
MM35454,The Palace Foot & Body Massage,Massage Establishment,Clear,2027-08-31,2016-07-26,5859 W. ATLANTIC AVE B-3,,Delray Beach,FL,33484,Palm Beach,False,False,2026-09-10,2026-09-10,"Phone: (561) 501-6288 | Licensed under Body Key Boca Raton Inc, DBA 'The Palace Foot Spa'; directory lists 'The Palace Foot & Body Massage'. Same address; verify current DBA name."
MM41620,FlamingoLakeWorth Massage,Massage Establishment,Clear,2027-08-31,2021-06-17,6295 Lake Worth Rd,Ste 22,Greenacres,FL,33463,Palm Beach,False,False,2026-09-11,2026-09-11,"Phone: (561) 570-0596 | Clean license MM41620 (Flamingo Lake Worth Inc), address matches 6295 Lake Worth Rd Ste 22. No discipline, no complaints, no predecessor void licenses."
MM42099,My Spa Asia,Massage Establishment,Clear,2027-08-31,2021-10-28,3060 S. JOG ROAD,,Greenacres,FL,33467,Palm Beach,True,True,2026-09-11,2026-09-11,"Phone: (561) 900-5107 | Clear license MM42099 (XINGXING MY SPA ASIA LLC, 3060 S. Jog Road, Green Acres). Predecessor MM33529 (MY SPA ASIA, Greenacres) is Null And Void. Discipline and public complaint are both on file — click Discipline/Admin Action tab. | License history: Predecessor: MM33529 MY SPA ASIA (Greenacres) - Null And Void."
MM47465,You're In Good Hands Spa MM#47465,Massage Establishment,Clear,2027-08-31,2026-02-26,5700 LAKE WORTH RD,SUITE 201-M,Greenacres,FL,33463,Palm Beach,False,False,2026-09-11,2026-09-11,Phone: (786) 661-7111 | Address matches exactly (5700 Lake Worth Rd Ste 201-M).
MM44822,Recover Massage,Massage Establishment,Clear,2027-08-31,2024-01-10,908 Northlake Blvd,,Lake Park,FL,33403,Palm Beach,False,False,2026-09-11,2026-09-11,"Phone: (561) 508-2659 | Clean license MM44822 (RECOVER MASSAGE LLC) at 908 Northlake Blvd, Lake Park. No discipline, no complaints."
MM46493,Crystal Massage & Foot Spa,Massage Establishment,Clear,2027-08-31,2025-06-09,7318 LAKE WORTH RD,,Lake Worth Beach,FL,33467,Palm Beach,False,False,2026-09-11,2026-09-11,"Phone: (561) 429-6796 | Current license MM46493 (Vandercrest Health LLC) is Clear at 7318 Lake Worth Rd. Predecessor MM45110 (LUKE INVESTMENT GROUP LLC, DBA Crystal Massage & Foot Spa) is Vol Relinquish — Emergency Suspension Order filed 05/16/2025 (Case 202507032). Verify ownership continuity via Sunbiz. | License history: Predecessor: MM45110 LUKE INVESTMENT GROUP LLC (Lake Worth) - Vol Relinquish; Emergency Suspension Order 05/16/2025."
MM35724,Heaven Meets Earth Massage Inc,Massage Establishment,Clear,2027-08-31,2016-09-27,3130-B SOUTH CONGRESS AVE,,Lake Worth Beach,FL,33461,Palm Beach,False,False,2026-09-10,2026-09-10,"Phone: (561) 577-4556 | DOH record lists city as Lake Worth (zip 33461); directory has Delray Beach. Same street address (3130 S Congress Ave, Suite B). Verify correct city designation."
MM45357,Zen Foot Massage,Massage Establishment,Clear,2027-08-31,2024-05-21,5891 S Military Trail,#03A,Lake Worth Beach,FL,33463,Palm Beach,False,False,2026-09-11,2026-09-11,"Phone: (561) 327-9628 | Current license MM45357 (Miaoyan Corporation) is Clear at 5891 S Military Trail #03A. Predecessor MM34949 RUI HE CORPORATION, DBA ZEN FOOT MASSAGE (Greenacres) is Disc Relinquish — Case 202421190 Voluntary Surrender, complaint AC Filed. | License history: Predecessor: MM34949 RUI HE CORPORATION (Greenacres) - Disc Relinquish (Case 202421190)."
MM42328,KOA Spa Massage,Massage Establishment,Clear,2027-08-31,2022-01-12,721 NORTHLAKE BLVD,STE C,North Palm Beach,FL,33408,Palm Beach,False,False,2026-09-11,2026-09-11,"Phone: (561) 429-6714 | Current license MM42328 (MOON THERAPY INC, DBA KOA SPA) is Clear at 721 Northlake Blvd Ste C. Predecessors MM26506 / MM30931 / MM32858 (KOA SPA INC, North Palm Beach) are all Null And Void. Confirm ownership continuity via Sunbiz. | License history: Predecessors: MM26506, MM30931, MM32858 KOA SPA INC (North Palm Beach) - all Null And Void."
MM47980,Northlake Massage,Massage Establishment,Clear,2027-08-31,2026-08-25,617 Northlake Blvd,,North Palm Beach,FL,33408,Palm Beach,False,False,2026-09-11,2026-09-11,"Phone: (561) 322-0480 | Clean license MM47980 (Northlake Jade Spa Inc) at 617 Northlake Blvd, North Palm Beach. Address matches. No discipline, no complaints."
MM20343,Amore salon&spa,Massage Establishment,Clear,2027-08-31,2007-09-26,3497 S CONGRESS AVE,,Palm Springs,FL,33461,Palm Beach,False,False,2026-09-10,2026-09-10,Phone: (561) 649-3435 | DOH record lists city as Palm Springs (zip 33461); directory has Delray Beach. Same street address (3497 S Congress Ave). Verify correct city designation.
MM33958,Asian Sunshine Spa,Massage Establishment,Clear,2027-08-31,2015-07-09,2911 A N. Military Trail,,West Palm Beach,FL,33409,Palm Beach,False,False,2026-09-12,2026-09-12,"Phone: (561) 888-5063 | Licensed under 'ASIAN SUNSHINE SPA INC'; directory lists 'Asian Sunshine Spa Massage' | Automated Phase-2 search missed this license (searched 'Asian Sunshine Spa Massage', 0 hits); human portal verification found it as ASIAN SUNSHINE SPA INC. Directory address 2911 N Military Trl A matches AOR (unit 'A' carried inside the street line). | Human portal verification 2026-09-12 (MQA detail pages pasted by contributor)."
MM41358,Asian VIP Massage,Massage Establishment,Clear,2027-08-31,2021-03-16,5093 OKEECHOBEE BLVD,,West Palm Beach,FL,33417,Palm Beach,False,False,2026-09-12,2026-09-12,"Phone: (561) 379-3986 | Licensed under 'ASIAN VIP MASSAGE LLC' DBA 'VIP Massage'; directory lists 'Asian VIP Massage West Palm Beach' | Automated Phase-2 search missed this license (searched the full directory name 'Asian VIP Massage West Palm Beach', 0 hits); human portal verification found it as ASIAN VIP MASSAGE LLC DBA 'VIP Massage'. Directory address 5093 Okeechobee Blvd matches AOR exactly. | Human portal verification 2026-09-12 (MQA detail pages pasted by contributor)."
MM41209,Dynamic Health Spa,Massage Establishment,Clear,2027-08-31,2021-01-28,2730 S Dixie Hwy,,West Palm Beach,FL,33405,Palm Beach,False,False,2026-09-12,2026-09-12,Phone: (561) 838-7913 | Licensed under 'Wonderful Day Inc' DBA 'Dynamic Health Spa' | Phase-2 draft (row 39) confirmed by human 'Dynamic Health Spa' results table: Wonderful Day Inc DBA 'Dynamic Health Spa'. Directory address '2730 S Dixie Hwy #2'; portal AOR carries no unit. Predecessor same-DBA licenses MM39302 / MM40712 / MM41040 are Vol Relinquish. | Human portal verification 2026-09-12 (MQA detail pages pasted by contributor).
MM41905,Healing Spa & Massage,Massage Establishment,Clear,2027-08-31,2021-09-09,2695 N Military Trail,Ste 1,West Palm Beach,FL,33409,Palm Beach,False,False,2026-09-12,2026-09-12,Phone: (561) 469-6146 | Licensed under 'XHZINA Service Inc' DBA 'Healing Spa & Massage' | Phase-2 draft (row 36) confirmed by human portal detail page: XHZINA Service Inc DBA 'Healing Spa & Massage'. Directory '#1' = portal 'Ste 1'. | Human portal verification 2026-09-12 (MQA detail pages pasted by contributor).
MM33706,Massage Asia,Massage Establishment,Clear,2027-08-31,2015-04-29,3650 FOREST HILL BLVD,UNIT 4,West Palm Beach,FL,33406,Palm Beach,False,False,2026-09-11,2026-09-11,"Phone: (561) 357-4688 | Clear license MM33706 (MASSAGE ASIA LLC, 3650 Forest Hill Blvd Unit 4, West Palm Beach). Predecessor MM21592 (MASSAGE ASIA, LLC, West Palm Bch) is Null And Void — verify ownership continuity via Sunbiz. | License history: Predecessor: MM21592 MASSAGE ASIA, LLC (West Palm Bch) - Null And Void."
MM41519,Massage Relax,Massage Establishment,Clear,2027-08-31,2021-05-17,4603 OKEECHOBEE BLVD,SUITE 124,West Palm Beach,FL,33417,Palm Beach,False,False,2026-09-12,2026-09-12,Phone: (561) 827-1021 | Licensed under 'BLUE MOON LLC' DBA 'MASSAGE RELAX' | Phase-2 draft (row 37) confirmed by human portal detail page: BLUE MOON LLC DBA 'MASSAGE RELAX'. Predecessor same-name licenses MM41988 (Stuart) and MM40776 (West Palm Beach) are Null And Void. | Human portal verification 2026-09-12 (MQA detail pages pasted by contributor).
MM43415,Soothing Massage,Massage Establishment,Clear,2027-08-31,2022-11-22,1850 FOREST HILL BLVD,STE 103,West Palm Beach,FL,33406,Palm Beach,False,False,2026-09-12,2026-09-12,Phone: (561) 964-5979 | Licensed under 'MEIMEI SPA LLC' DBA 'SOOTHING MASSAGE' | Phase-2 draft (row 40) confirmed by human portal detail page: MEIMEI SPA LLC DBA 'SOOTHING MASSAGE'. Predecessor same-name licenses MM28636 / MM38061 (West Palm Beach) are Null And Void. | Human portal verification 2026-09-12 (MQA detail pages pasted by contributor).
MM45841,Zen Spa,Massage Establishment,Clear,2027-08-31,2024-10-31,1734 N military trail,,West Palm Beach,FL,33409,Palm Beach,False,False,2026-09-12,2026-09-12,"Phone: (561) 331-2232 | Licensed under 'PT Development Inc' DBA 'Zen Spa'; directory lists 'ZEN SPA - ASIAN MASSAGE' | Automated Phase-2 search missed this license (searched 'ZEN SPA - ASIAN MASSAGE', 0 hits); human portal verification found it as PT Development Inc DBA 'Zen Spa'. Directory address 1734 N Military Trl matches AOR exactly. Unrelated same-name licenses elsewhere (Sarasota MM39213, Boca Raton MM45183 Zen Spa 4U, Melbourne MM47573). | Human portal verification 2026-09-12 (MQA detail pages pasted by contributor)."
MM43251,7 Ch'i LLC,Massage Establishment,Clear,2027-08-31,2022-10-04,131 North 2nd St,Ste# 220-222,Fort Pierce,FL,34950,St. Lucie,False,False,2026-09-09,2026-09-09,Phone: (954) 282-9684 | Discipline on File: No; Public Complaint: No | Portal record: https://mqa-internet.doh.state.fl.us/MQASearchServices/HealthcareProviders/LicenseVerification?LicInd=48394&Procde=1402&org=7%20CH%27I
MM20210,Dermatech Day Spa,Massage Establishment,Clear,2027-08-31,2007-08-29,210 ORANGE AVE,,Fort Pierce,FL,34950,St. Lucie,False,False,2026-09-09,2026-09-09,"Phone: (772) 467-0607 | Discipline on File: No; Public Complaint: No | Sweep status: Long-standing license (original issue 2007), clean history, no predecessor void licenses found."
MM41175,Palm Sport and Wellness,Massage Establishment,Clear,2027-08-31,2021-01-14,208 AVENUE E,,Fort Pierce,FL,34950,St. Lucie,False,False,2026-09-09,2026-09-09,"Phone: (772) 801-5584 | Discipline on File: No; Public Complaint: No | Sweep status: Clean license, no discipline/complaints, no predecessor void licenses found at this address."
MM35532,River Oaks Massage Clinic Spa,Massage Establishment,Clear,2027-08-31,2016-08-10,4720 SOUTH 25TH ST,,Fort Pierce,FL,34981,St. Lucie,False,False,2026-09-09,2026-09-09,"Phone: (772) 461-9111 | Discipline on File: No; Public Complaint: No | License history: Predecessor: MM11356 (River Oaks Massage Clinic & Day Spa, Ft Pierce) - Null And Void. Also MM9553 (River Oaks Massage Therapy Services Inc, Bradenton) - Null And Void. | Sweep status: Two other 'Null And Void' licenses under near-identical names (River Oaks Massage Therapy Services Inc - Bradenton MM9553; River Oaks Massage Clinic & Day Spa - Ft Pierce MM11356) exist in DOH records. Current license MM35532 is clean, but the same/similar name has a void history in the same city. Verify address continuity via Sunbiz before downgrading to Green."
MM37443,"Serendipity Therapeutic Massage and Bodywork, Inc.",Massage Establishment,Clear,2027-08-31,2017-12-14,800 VIRGINIA AVE,SUITE #57,Fort Pierce,FL,34982,St. Lucie,False,False,2026-09-09,2026-09-09,"Phone: (772) 521-3638 | Discipline on File: No; Public Complaint: No | License history: Predecessor: MM17279 (same name, Stuart) - Null And Void. | Sweep status: A prior license under the identical business name (Serendipity Therapeutic Massage and Bodywork, Inc, MM17279, Stuart) is Null And Void. Could be a legitimate relocation (Stuart -> Ft Pierce) rather than a shell restart - confirm via Sunbiz/ownership records before reclassifying."
MM23468,Ah...Massage & Skincare,Massage Establishment,Clear,2027-08-31,2009-08-03,451 SW Bethany Drive,Suite 102,Port St. Lucie,FL,34986,St. Lucie,False,False,2026-09-11,2026-09-11,"Phone: (772) 828-1599 | Current license MM23468 is Clear and address matches exactly; several related licenses under the same name are void or relinquished. | License history: Predecessor/related, all under 'AH...Massage, LLC': MM24930 (Vol Relinquish, Port St Lucie); MM28704 (Null And Void, Port St Lucie); MM29872 (Vol Relinquish, Stuart)."
MM38902,David Jasmin Massage,Massage Establishment,Clear,2027-08-31,2019-01-04,1701 SE Hillmore Drive,Suite 7,Port St. Lucie,FL,34952,St. Lucie,False,False,2026-09-11,2026-09-11,"Phone: (561) 602-3441 | Address matches (1701 SE Hillmoor Dr, Suite 7)."
MM36002,Hong Kong Massage,Massage Establishment,Clear,2027-08-31,2016-12-06,1894 SE Port Saint Lucie Blvd,,Port St. Lucie,FL,34952,St. Lucie,False,False,2026-09-09,2026-09-09,"Phone: (772) 301-1430 | Discipline on File: No; Public Complaint: No; Licensed entity: Hengxin Industries, LLC | Sweep status: Clean license, no discipline/complaints, no predecessor void licenses found."
MM36569,Hua Flower Murdoch LMT LLC,Massage Establishment,Clear,2027-08-31,2017-05-04,8497 S US Hwy 1,,Port St. Lucie,FL,34952,St. Lucie,False,False,2026-09-11,2026-09-11,Phone: (772) 812-9192 | Address matches exactly (8497 S U.S. Hwy 1).
MM47102,Jessica Jacobs Massage,Massage Establishment,Clear,2027-08-31,2025-10-24,1680 SW Bayshore Blvd,Rm #118,Port St. Lucie,FL,34984,St. Lucie,False,False,2026-09-11,2026-09-11,Phone: (561) 578-7832 | Licensed under 'Jessica Jacobs Massage' DBA 'Jessica Fox'. Address matches closely (Rm #118 vs Ste 118).
MM43398,Life Massage LLC,Massage Establishment,Clear,2027-08-31,2022-11-16,2719 SE FALL ST,,Port St. Lucie,FL,34984,St. Lucie,False,False,2026-09-11,2026-09-11,Phone: (561) 631-1586 | Address matches exactly.
MM39186,Massage Eden,Massage Establishment,Clear,2027-08-31,2019-03-12,8908 S Federal HWY,,Port St. Lucie,FL,34952,St. Lucie,False,False,2026-09-11,2026-09-11,"Phone: (772) 999-6388 | Current license MM39186 is Clear and address matches exactly; predecessor license MM36067 (same LLC) is Null And Void. | License history: Predecessor: MM36067 (Massage Eden 8908 LLC, Port St Lucie) - Null And Void, expired 8/31/2019."
MM40914,Peacock Day Spa & Massage,Massage Establishment,Clear,2027-08-31,2020-10-05,270 NW PEACOCK BLVD,SUITE 105,Port St. Lucie,FL,34986,St. Lucie,False,False,2026-09-09,2026-09-09,"Phone: (772) 807-1818 | Discipline on File: No; Public Complaint: No; Licensed entity: Peacock Foot Spa LLC | Sweep status: Clean license, no discipline/complaints, address matches directory exactly."
MM44054,Ping's Spa (Studio),Massage Establishment,Clear,2027-08-31,2023-06-02,1100 SW St Lucie W Blvd,Suite 110,Port St. Lucie,FL,34986,St. Lucie,False,False,2026-09-11,2026-09-11,Phone: (772) 284-7100 | Licensed as 'Ping's Spa LLC'. Address matches exactly.
MM17617,The Sanctuary Spa,Massage Establishment,Clear,2027-08-31,2005-12-14,1555 NW St. Lucie W Blvd,Suite 101,Port St. Lucie,FL,34986,St. Lucie,False,False,2026-09-11,2026-09-11,"Phone: (772) 345-7727 | Licensed as 'The Sanctuary Spa at Tradition, Inc.' Address matches exactly."
MM37243,Veena Therapeutic Massage and Spa,Massage Establishment,Clear,2027-08-31,2017-11-01,439 SE Port St Lucie Blvd,Unit 109,Port St. Lucie,FL,34984,St. Lucie,False,False,2026-09-11,2026-09-11,Phone: (772) 834-8258 | Address matches exactly.
